Season,Team,xi_avg_cost,xi_avg_points,xi_avg_ict,squad_total_cost,team_goals,team_assists,team_xg,gk_pts,def_pts,mid_pts,att_pts,injured_now
2016-17,Arsenal,6.663636363636363,122.9090909090909,167.9,195.79999999999998,72,68,,134.0,111.25,159.5,76.5,5
2016-17,Bournemouth,4.945454545454546,103.0,130.21818181818182,150.1,50,48,,120.0,109.75,91.75,75.5,3
2016-17,Burnley,5.036363636363638,98.54545454545455,123.52727272727272,148.29999999999998,39,34,,149.0,97.0,72.0,114.5,2
2016-17,Chelsea,6.8,152.0909090909091,173.4,189.0,86,77,,141.0,164.25,129.25,122.0,3
2016-17,Crystal Palace,5.190909090909091,95.45454545454545,143.09090909090907,190.0,51,45,,92.0,70.25,112.0,77.0,2
2016-17,Everton,5.745454545454546,117.0909090909091,150.35454545454547,150.8,58,58,,89.0,124.75,102.75,137.5,6
2016-17,Hull,4.6000000000000005,62.18181818181818,86.19090909090909,173.20000000000002,28,28,,86.0,57.0,61.25,57.0,2
2016-17,Leicester,5.781818181818182,91.81818181818181,120.60909090909091,154.5,46,42,,109.0,85.0,84.25,112.0,2
2016-17,Liverpool,6.618181818181818,134.54545454545453,193.76363636363638,180.2,77,68,,110.0,93.75,143.0,75.0,2
2016-17,Man City,7.118181818181818,111.9090909090909,169.36363636363637,195.4,75,76,,73.0,85.25,139.0,121.0,4
2016-17,Man United,6.581818181818182,103.36363636363636,144.02727272727273,212.0,54,48,,136.0,100.0,90.5,119.5,6
2016-17,Middlesbrough,4.581818181818182,85.36363636363636,99.45454545454545,149.4,27,26,,102.0,83.5,78.75,92.0,0
2016-17,Southampton,5.190909090909091,95.9090909090909,130.33636363636364,166.10000000000002,39,35,,134.0,94.5,97.75,59.5,2
2016-17,Stoke,4.945454545454545,87.18181818181819,112.99999999999999,159.3,37,33,,106.0,89.75,94.25,65.0,0
2016-17,Sunderland,4.818181818181818,65.72727272727273,94.11818181818181,171.3,25,20,,102.0,57.0,48.5,107.5,0
2016-17,Swansea,4.863636363636363,88.54545454545455,122.57272727272726,155.4,45,39,,116.0,65.0,100.0,90.0,3
2016-17,Tottenham,6.927272727272728,149.45454545454547,188.9272727272727,178.60000000000002,84,77,,143.0,119.5,159.75,139.5,3
2016-17,Watford,4.7727272727272725,79.45454545454545,107.81818181818181,195.7,39,31,,113.0,70.5,74.75,84.5,5
2016-17,West Brom,4.836363636363635,96.81818181818181,121.05454545454545,137.39999999999998,44,39,,113.0,96.5,87.25,85.0,2
2016-17,West Ham,5.2727272727272725,88.81818181818181,113.63636363636364,192.7,53,46,,69.0,76.25,119.25,46.0,7
2017-18,Arsenal,6.427272727272726,116.45454545454545,158.04545454545453,192.79999999999998,63,68,,124.0,117.75,110.0,104.0,3
2017-18,Bournemouth,4.954545454545455,86.81818181818181,131.86363636363637,144.1,45,40,,112.0,83.75,74.75,106.0,4
2017-18,Brighton,5.054545454545454,102.54545454545455,128.62727272727273,140.9,33,30,,146.0,86.0,106.5,77.0,0
2017-18,Burnley,4.972727272727273,95.9090909090909,112.38181818181819,143.70000000000002,35,34,,152.0,95.5,91.0,98.0,5
2017-18,Chelsea,6.381818181818182,119.54545454545455,146.11818181818182,202.0,64,52,,136.0,146.5,110.0,99.5,1
2017-18,Crystal Palace,5.290909090909092,98.0909090909091,142.52727272727273,179.10000000000002,44,42,,99.0,71.25,125.5,46.0,3
2017-18,Everton,5.490909090909091,84.18181818181819,97.9,173.3,42,36,,145.0,69.75,75.25,100.5,5
2017-18,Huddersfield,4.809090909090909,86.63636363636364,108.7181818181818,141.5,25,25,,135.0,77.5,80.5,93.0,2
2017-18,Leicester,5.6000000000000005,101.9090909090909,131.93636363636364,153.0,51,48,,123.0,72.5,115.0,129.5,7
2017-18,Liverpool,6.5636363636363635,122.63636363636364,162.73636363636362,184.89999999999998,80,68,,67.0,95.0,152.5,109.5,5
2017-18,Man City,7.854545454545455,155.27272727272728,211.3727272727273,177.0,103,100,,158.0,113.5,181.75,147.5,1
2017-18,Man United,7.009090909090909,129.63636363636363,162.31818181818178,168.30000000000004,73,62,,172.0,108.0,119.75,133.0,2
2017-18,Newcastle,4.890909090909091,85.27272727272727,114.30000000000001,153.6,39,37,,57.0,79.75,84.25,109.0,2
2017-18,Southampton,4.972727272727273,79.36363636363636,112.49999999999999,131.3,36,32,,73.0,84.5,80.0,59.5,2
2017-18,Stoke,5.027272727272727,90.27272727272727,123.10000000000001,164.60000000000002,34,33,,125.0,64.5,109.5,86.0,2
2017-18,Swansea,4.918181818181818,94.18181818181819,106.62727272727274,149.0,31,27,,157.0,96.75,77.5,97.0,3
2017-18,Tottenham,7.118181818181819,141.0,181.67272727272723,174.99999999999997,70,63,,144.0,125.25,159.25,119.5,4
2017-18,Watford,4.99090909090909,78.0909090909091,111.97272727272728,190.3,42,39,,64.0,64.25,100.0,76.0,6
2017-18,West Brom,4.936363636363636,90.54545454545455,110.3090909090909,152.2,33,31,,123.0,89.25,76.75,106.0,1
2017-18,West Ham,4.963636363636365,87.0909090909091,107.44545454545454,200.20000000000002,45,40,,72.0,88.25,105.0,64.5,4
2018-19,Arsenal,5.963636363636365,99.36363636363636,135.28181818181818,172.2,69,67,,106.0,75.5,78.5,185.5,2
2018-19,Bournemouth,5.090909090909092,102.18181818181819,140.36363636363635,151.5,55,51,,63.0,79.75,108.25,154.5,7
2018-19,Brighton,4.90909090909091,83.36363636363636,111.60909090909091,145.6,35,27,,104.0,74.75,77.75,90.5,2
2018-19,Burnley,4.990909090909091,88.0,118.5090909090909,143.0,42,39,,58.0,73.5,90.75,126.5,1
2018-19,Cardiff,4.6000000000000005,86.0,107.91818181818181,138.10000000000002,33,26,,154.0,91.5,75.25,55.0,2
2018-19,Chelsea,6.290909090909091,134.0909090909091,176.89090909090908,174.1,61,60,,142.0,149.75,139.5,49.5,2
2018-19,Crystal Palace,5.145454545454545,112.54545454545455,143.5090909090909,153.1,48,47,,81.0,108.5,122.25,94.5,3
2018-19,Everton,5.545454545454545,122.81818181818181,147.88181818181818,167.8,53,44,,161.0,131.0,128.5,74.0,0
2018-19,Fulham,4.745454545454546,67.54545454545455,115.66363636363636,143.2,33,28,,86.0,48.5,78.0,90.5,3
2018-19,Huddersfield,4.463636363636363,64.72727272727273,95.69090909090909,153.1,20,20,,99.0,63.0,65.5,49.0,0
2018-19,Leicester,5.472727272727273,106.45454545454545,142.77272727272728,154.20000000000002,48,44,,120.0,108.25,92.0,116.0,1
2018-19,Liverpool,7.254545454545454,162.0,186.9,159.79999999999998,86,73,,176.0,172.25,165.75,97.0,1
2018-19,Man City,7.6000000000000005,150.8181818181818,195.38181818181818,165.89999999999998,91,85,,169.0,120.0,152.5,140.0,0
2018-19,Man United,6.590909090909091,100.54545454545455,145.48181818181817,176.9,65,54,,120.0,76.25,109.5,121.5,2
2018-19,Newcastle,4.945454545454545,92.72727272727273,118.16363636363639,161.7,41,39,,131.0,79.5,72.5,144.5,4
2018-19,Southampton,4.6000000000000005,72.27272727272727,110.00909090909094,157.9,44,32,,73.0,52.25,94.0,78.0,2
2018-19,Tottenham,6.99090909090909,115.27272727272727,144.36363636363637,181.7,66,60,,145.0,92.5,131.75,100.5,3
2018-19,Watford,5.0181818181818185,99.9090909090909,134.6909090909091,145.6,51,44,,129.0,77.25,103.0,99.5,1
2018-19,West Ham,5.1000000000000005,96.45454545454545,132.0909090909091,171.6,51,48,,143.0,74.0,114.25,101.5,0
2018-19,Wolves,4.99090909090909,114.45454545454545,145.37272727272725,133.6,46,45,,118.0,111.75,102.5,95.5,0
2019-20,Arsenal,6.236363636363637,90.72727272727273,116.01818181818182,191.5,56,48,,114.0,66.75,74.5,161.5,4
2019-20,Aston Villa,4.70909090909091,83.0,118.24545454545456,153.9,40,37,,59.0,74.25,104.0,48.0,4
2019-20,Bournemouth,5.254545454545454,80.0,109.4090909090909,156.0,38,37,,126.0,66.0,74.25,107.5,3
2019-20,Brighton,4.9363636363636365,93.72727272727273,130.71818181818182,155.7,35,30,,135.0,91.0,81.25,96.0,1
2019-20,Burnley,5.2727272727272725,109.0,120.53636363636365,158.60000000000002,41,37,,170.0,103.75,94.5,118.0,6
2019-20,Chelsea,5.836363636363637,101.63636363636364,153.0,167.4,69,63,,90.0,72.25,116.25,110.5,1
2019-20,Crystal Palace,5.1454545454545455,90.18181818181819,112.8,152.1,28,27,,137.0,76.0,94.5,87.0,4
2019-20,Everton,5.727272727272727,95.45454545454545,128.29999999999998,170.0,43,40,,117.0,89.75,92.75,89.5,4
2019-20,Leicester,6.1090909090909085,130.9090909090909,164.01818181818183,157.09999999999997,65,59,,156.0,121.25,115.0,137.0,5
2019-20,Liverpool,7.50909090909091,153.9090909090909,192.4090909090909,179.8,83,78,,122.0,165.5,169.25,110.0,2
2019-20,Man City,7.59090909090909,135.45454545454547,211.6090909090909,177.7,100,90,,133.0,79.75,150.5,139.0,1
2019-20,Man United,5.872727272727272,111.54545454545455,132.47272727272727,194.8,64,50,,143.0,108.25,104.75,140.0,2
2019-20,Newcastle,4.9363636363636365,85.63636363636364,100.01818181818182,178.4,38,35,,143.0,69.25,94.75,68.0,5
2019-20,Norwich,4.854545454545454,76.0,119.73636363636363,152.3,25,20,,109.0,46.75,87.25,82.5,9
2019-20,Sheffield United,4.918181818181818,118.63636363636364,127.07272727272729,144.2,36,33,,160.0,135.0,68.0,75.5,0
2019-20,Southampton,5.127272727272728,95.0,131.94545454545454,179.7,51,41,,104.0,73.75,87.5,130.0,3
2019-20,Tottenham,6.563636363636363,100.9090909090909,126.81818181818184,192.70000000000002,56,54,,98.0,86.75,97.5,80.0,2
2019-20,Watford,5.090909090909091,87.18181818181819,115.54545454545455,151.3,35,31,,137.0,66.25,90.0,98.5,3
2019-20,West Ham,5.190909090909091,90.54545454545455,119.25454545454546,189.3,49,44,,83.0,77.5,103.5,55.5,3
2019-20,Wolves,5.6000000000000005,127.54545454545455,154.28181818181818,151.70000000000002,49,47,,153.0,127.75,110.0,149.5,0
2020-21,Arsenal,6.072727272727272,102.18181818181819,119.71818181818183,179.1,53,50,,131.0,93.25,94.25,82.5,0
2020-21,Aston Villa,5.490909090909091,126.81818181818181,159.6181818181818,174.0,52,51,,186.0,118.5,114.0,95.5,1
2020-21,Brighton,4.818181818181818,98.0909090909091,123.25454545454545,189.89999999999998,39,31,,101.0,103.75,98.5,97.0,0
2020-21,Burnley,5.181818181818182,99.0909090909091,116.2,150.2,32,25,,144.0,99.25,87.25,100.0,0
2020-21,Chelsea,5.854545454545455,109.9090909090909,134.57272727272726,158.9,56,53,,140.0,118.0,94.25,98.5,0
2020-21,Crystal Palace,5.263636363636364,89.36363636363636,109.4090909090909,161.0,39,39,,124.0,57.75,101.5,88.0,1
2020-21,Everton,5.790909090909091,105.18181818181819,122.06363636363636,188.5,45,45,,114.0,106.75,87.5,144.0,0
2020-21,Fulham,4.745454545454545,87.9090909090909,114.98181818181818,174.0,26,23,,124.0,88.0,84.25,75.5,0
2020-21,Leeds,5.027272727272727,119.81818181818181,158.22727272727272,170.0,60,57,,154.0,110.0,114.75,141.5,0
2020-21,Leicester,6.1000000000000005,110.9090909090909,128.4,180.6,64,59,,128.0,93.75,117.75,148.5,1
2020-21,Liverpool,7.336363636363637,123.27272727272727,176.75454545454548,203.1,64,56,,140.0,103.75,143.75,75.5,0
2020-21,Man City,7.454545454545453,129.8181818181818,167.09090909090907,199.6,82,70,,160.0,124.75,124.0,76.5,0
2020-21,Man United,6.627272727272726,123.72727272727273,156.96363636363637,224.5,70,69,,91.0,123.5,144.5,87.0,0
2020-21,Newcastle,4.990909090909091,68.63636363636364,89.65454545454546,162.8,44,36,,80.0,46.75,70.0,104.0,0
2020-21,Sheffield United,4.809090909090909,65.18181818181819,94.83636363636364,165.1,19,18,,123.0,56.75,55.75,72.0,0
2020-21,Southampton,5.445454545454545,100.27272727272727,126.82727272727271,174.3,48,44,,94.0,87.75,97.5,134.0,0
2020-21,Tottenham,6.2272727272727275,113.27272727272727,126.76363636363637,191.6,66,61,,149.0,83.5,119.5,127.5,0
2020-21,West Brom,4.790909090909091,82.36363636363636,102.58181818181816,183.0,33,30,,140.0,71.25,81.5,68.0,1
2020-21,West Ham,5.40909090909091,119.27272727272727,139.83636363636364,164.39999999999998,60,57,,133.0,114.0,124.75,79.5,1
2020-21,Wolves,5.199999999999999,96.45454545454545,124.87272727272729,193.0,34,31,,132.0,95.5,98.75,56.0,2
2021-22,Arsenal,5.554545454545455,114.54545454545455,144.37272727272727,225.4,60,48,,135.0,108.5,110.25,67.0,4
2021-22,Aston Villa,5.6000000000000005,109.72727272727273,140.5,197.9,48,44,,129.0,106.5,103.75,118.5,2
2021-22,Brentford,4.963636363636364,98.18181818181819,126.10909090909091,178.79999999999998,46,40,,95.0,100.25,97.75,75.0,4
2021-22,Brighton,5.036363636363636,94.9090909090909,125.5,178.70000000000002,39,37,,126.0,96.75,97.0,93.5,1
2021-22,Burnley,4.836363636363636,80.9090909090909,99.17272727272726,153.10000000000002,29,31,,130.0,75.0,85.75,57.5,7
2021-22,Chelsea,6.654545454545455,119.9090909090909,140.19090909090906,191.9,75,67,,130.0,123.75,116.5,74.5,5
2021-22,Crystal Palace,5.218181818181818,105.9090909090909,115.30000000000001,149.4,50,42,,119.0,107.25,107.5,82.0,4
2021-22,Everton,5.118181818181818,87.36363636363636,116.03636363636362,214.2,45,38,,116.0,72.0,88.5,94.5,4
2021-22,Leeds,5.127272727272727,82.9090909090909,127.95454545454545,172.0,42,35,,106.0,56.75,108.25,64.0,6
2021-22,Leicester,5.709090909090909,96.27272727272727,116.18181818181819,166.0,62,53,,131.0,61.5,127.0,106.5,3
2021-22,Liverpool,7.5181818181818185,165.63636363636363,191.8272727272727,209.29999999999998,94,82,,176.0,186.75,183.25,42.0,3
2021-22,Man City,7.699999999999999,149.1818181818182,192.23636363636362,193.7,96,81,,155.0,146.75,153.75,60.5,3
2021-22,Man United,6.636363636363637,90.81818181818181,128.11818181818182,197.7,55,52,,132.0,66.0,100.75,96.5,5
2021-22,Newcastle,5.136363636363637,83.18181818181819,107.2181818181818,163.0,46,38,,96.0,82.0,69.75,103.5,6
2021-22,Norwich,4.663636363636363,68.81818181818181,97.52727272727272,174.0,21,20,,90.0,53.75,64.5,101.0,6
2021-22,Southampton,5.118181818181818,89.27272727272727,128.64545454545453,153.8,41,37,,57.0,78.5,104.0,97.5,3
2021-22,Tottenham,6.154545454545453,127.54545454545455,145.16363636363639,191.60000000000002,62,65,,158.0,110.75,126.5,96.5,5
2021-22,Watford,4.909090909090908,69.0,101.2,236.39999999999998,33,29,,81.0,44.25,67.0,110.5,6
2021-22,West Ham,5.6454545454545455,117.0,151.05454545454543,159.5,58,58,,136.0,85.25,133.0,140.0,3
2021-22,Wolves,5.0636363636363635,102.63636363636364,105.49090909090908,181.00000000000003,35,32,,146.0,111.75,84.25,91.0,4
2022-23,Arsenal,5.736363636363636,149.63636363636363,174.4,181.0,93,78,79.78,143.0,129.5,191.25,94.0,6
2022-23,Aston Villa,5.027272727272727,116.18181818181819,119.62727272727271,193.7,43,45,45.95,135.0,96.0,121.0,93.0,2
2022-23,Bournemouth,4.7272727272727275,82.27272727272727,100.91818181818184,191.5,37,29,39.129999999999995,93.0,61.5,96.25,93.5,4
2022-23,Brentford,5.181818181818181,120.63636363636364,128.36363636363637,171.70000000000002,56,50,58.33,166.0,107.5,99.75,166.0,3
2022-23,Brighton,5.154545454545454,113.27272727272727,154.69090909090912,178.6,60,60,69.44,82.0,102.5,131.25,78.0,2
2022-23,Chelsea,5.863636363636363,75.63636363636364,96.35454545454544,232.9,35,33,48.6,118.0,67.0,75.5,73.0,8
2022-23,Crystal Palace,5.027272727272727,99.81818181818181,123.11818181818181,174.5,38,31,39.199999999999996,99.0,86.5,117.25,61.5,2
2022-23,Everton,4.663636363636364,91.54545454545455,114.11818181818181,187.2,29,29,43.24,124.0,80.25,102.25,40.5,6
2022-23,Fulham,4.845454545454545,99.81818181818181,123.4090909090909,194.5,52,46,47.68000000000001,142.0,82.5,100.75,89.5,3
2022-23,Leeds,5.154545454545455,77.18181818181819,110.99090909090908,184.89999999999998,45,42,49.0,90.0,57.75,82.75,62.5,5
2022-23,Leicester,5.445454545454544,85.36363636363636,106.60000000000001,170.8,49,46,51.08999999999999,91.0,72.0,110.25,76.0,4
2022-23,Liverpool,6.627272727272726,111.18181818181819,136.83636363636364,197.70000000000002,71,66,73.05000000000001,162.0,113.25,110.0,102.0,5
2022-23,Man City,7.2727272727272725,127.27272727272727,159.95454545454547,189.60000000000002,92,85,78.78,121.0,80.75,132.25,187.5,6
2022-23,Man United,6.054545454545454,118.45454545454545,146.34545454545454,196.9,56,50,68.74,161.0,96.0,142.75,45.0,5
2022-23,Newcastle,5.336363636363636,136.8181818181818,154.97272727272727,167.2,65,57,74.89,157.0,148.75,109.5,128.5,3
2022-23,Nott'm Forest,4.672727272727273,71.54545454545455,79.86363636363636,222.9,38,32,42.11,82.0,60.25,75.5,111.0,9
2022-23,Southampton,4.736363636363635,65.27272727272727,91.15454545454546,195.5,36,30,38.46,84.0,52.25,74.75,74.0,5
2022-23,Tottenham,6.454545454545453,111.27272727272727,140.47272727272727,202.3,68,58,57.39000000000001,89.0,88.75,109.75,158.5,7
2022-23,West Ham,5.3,96.63636363636364,121.00909090909092,147.8,47,37,55.57,127.0,71.75,114.75,90.5,2
2022-23,Wolves,4.736363636363635,82.63636363636364,92.94545454545454,178.00000000000003,28,23,36.879999999999995,148.0,77.0,86.5,36.0,1
2023-24,Arsenal,6.572727272727271,158.8181818181818,185.14545454545456,199.10000000000002,85,81,78.82,135.0,149.75,189.25,78.0,1
2023-24,Aston Villa,5.372727272727272,116.36363636363636,144.74545454545455,210.20000000000002,72,70,65.36999999999999,115.0,81.25,139.25,139.0,7
2023-24,Bournemouth,4.818181818181818,97.54545454545455,132.61818181818182,189.0,52,46,57.629999999999995,110.0,81.25,89.0,141.0,2
2023-24,Brentford,5.009090909090909,92.72727272727273,115.42727272727271,202.7,54,50,61.21,119.0,76.0,98.0,94.0,4
2023-24,Brighton,4.818181818181818,76.36363636363636,120.7909090909091,219.10000000000002,50,47,58.45,68.0,59.0,96.25,91.5,9
2023-24,Burnley,4.563636363636364,65.45454545454545,96.76363636363637,198.5,40,35,40.63,70.0,47.75,74.75,80.0,5
2023-24,Chelsea,5.3545454545454545,104.36363636363636,144.4090909090909,281.5,75,66,71.91,71.0,69.5,133.5,85.5,3
2023-24,Crystal Palace,4.736363636363635,93.18181818181819,110.65454545454546,177.50000000000003,56,49,48.589999999999996,68.0,92.0,92.5,122.0,3
2023-24,Everton,4.963636363636363,105.18181818181819,127.55454545454545,158.4,40,25,54.06999999999999,153.0,104.5,104.75,75.5,4
2023-24,Fulham,4.818181818181817,98.0909090909091,128.53636363636363,176.1,55,49,54.13,133.0,85.25,103.5,84.5,1
2023-24,Liverpool,7.145454545454546,112.54545454545455,171.85454545454547,220.5,80,78,90.72999999999999,107.0,97.75,140.25,119.0,1
2023-24,Luton,4.3,71.63636363636364,109.95454545454548,215.7,49,47,44.209999999999994,86.0,54.5,67.5,115.0,7
2023-24,Man City,6.609090909090909,142.0,180.23636363636368,175.79999999999998,94,82,82.4,112.0,111.5,157.0,187.5,1
2023-24,Man United,5.645454545454545,101.27272727272727,146.4090909090909,228.8,57,46,55.07,133.0,70.0,115.75,68.5,4
2023-24,Newcastle,5.672727272727272,109.9090909090909,141.23636363636362,213.20000000000002,83,68,78.41,75.0,95.5,130.75,120.5,5
2023-24,Nott'm Forest,4.736363636363636,77.0909090909091,104.93636363636364,253.9,49,46,49.050000000000004,41.0,42.75,107.25,99.0,4
2023-24,Sheffield United,4.499999999999999,58.63636363636363,93.63636363636364,199.7,31,29,38.800000000000004,70.0,38.75,75.0,74.0,3
2023-24,Tottenham,5.9363636363636365,112.36363636363636,163.14545454545456,219.79999999999998,69,66,68.62,112.0,100.75,147.75,28.5,5
2023-24,West Ham,5.254545454545455,103.45454545454545,139.90909090909093,164.20000000000002,58,47,53.220000000000006,116.0,69.75,136.0,57.0,2
2023-24,Wolves,4.781818181818182,91.72727272727273,126.2818181818182,209.9,47,44,47.160000000000004,107.0,76.0,98.5,71.5,3
2024-25,Arsenal,6.754545454545456,123.18181818181819,153.18181818181816,195.7,67,62,61.660000000000004,142.0,102.75,125.75,69.5,4
2024-25,Aston Villa,5.327272727272727,100.27272727272727,118.60000000000001,210.30000000000004,61,52,59.0,111.0,80.75,104.25,119.5,3
2024-25,Bournemouth,5.045454545454545,110.54545454545455,150.0818181818182,185.70000000000002,57,52,64.65,106.0,97.25,120.25,80.0,3
2024-25,Brentford,5.236363636363635,122.63636363636364,163.21818181818182,185.8,64,58,61.19,138.0,68.75,142.0,97.0,2
2024-25,Brighton,5.009090909090909,95.0,127.02727272727272,242.0,63,55,57.92,103.0,63.25,98.75,125.5,2
2024-25,Chelsea,5.7727272727272725,119.36363636363636,160.77272727272728,233.3,63,59,69.45,126.0,98.75,137.75,62.0,2
2024-25,Crystal Palace,5.263636363636363,115.45454545454545,138.74545454545455,166.8,46,47,59.75000000000001,135.0,123.75,105.5,101.5,2
2024-25,Everton,4.909090909090909,95.72727272727273,101.96363636363638,162.1,39,35,42.43000000000001,158.0,103.0,76.5,88.5,5
2024-25,Fulham,4.836363636363637,91.18181818181819,128.04545454545453,145.8,53,49,50.14000000000001,115.0,70.25,94.75,116.5,2
2024-25,Ipswich,4.345454545454545,56.36363636363637,89.15454545454546,176.5,35,28,36.879999999999995,49.0,41.25,61.25,89.0,4
2024-25,Leicester,4.572727272727273,66.45454545454545,95.92727272727271,177.10000000000002,33,29,33.97,63.0,49.5,67.5,81.0,4
2024-25,Liverpool,6.918181818181819,146.45454545454547,181.06363636363636,186.7,85,78,83.35,112.0,122.0,175.25,96.5,2
2024-25,Man City,6.79090909090909,108.0909090909091,141.83636363636361,218.90000000000003,71,62,69.75,111.0,92.5,105.25,127.0,2
2024-25,Man United,5.409090909090908,93.0,124.68181818181819,202.7,38,37,51.25,120.0,74.75,114.5,71.0,2
2024-25,Newcastle,5.827272727272728,125.0909090909091,152.45454545454547,171.60000000000002,66,60,65.08999999999999,102.0,110.0,116.0,115.0,2
2024-25,Nott'm Forest,5.363636363636363,130.27272727272728,143.8181818181818,164.89999999999998,57,48,47.379999999999995,150.0,128.0,129.25,116.0,0
2024-25,Southampton,4.390909090909091,61.18181818181818,95.4818181818182,185.8,25,22,33.43,97.0,53.0,70.75,51.0,4
2024-25,Tottenham,5.9363636363636365,90.72727272727273,130.78181818181818,233.10000000000002,61,58,60.03,66.0,60.25,113.5,71.5,7
2024-25,West Ham,5.045454545454546,89.9090909090909,121.12727272727274,154.8,44,41,48.85,69.0,80.25,126.25,42.0,2
2024-25,Wolves,4.8999999999999995,97.18181818181819,118.98181818181818,209.1,53,46,44.54,93.0,90.75,71.25,161.5,2
2025-26,Arsenal,6.909090909090909,143.45454545454547,133.31818181818178,203.1,67,66,66.97999999999999,162.0,145.5,148.25,82.0,2
2025-26,Aston Villa,5.463636363636362,107.54545454545455,122.51818181818184,226.0,53,51,48.900000000000006,120.0,94.5,104.0,95.0,2
2025-26,Bournemouth,4.890909090909091,115.63636363636364,120.8,208.9,47,45,55.11,124.0,131.0,102.25,114.0,1
2025-26,Brentford,5.327272727272727,124.54545454545455,137.9909090909091,202.3,53,48,60.60000000000001,143.0,117.5,115.75,91.0,1
2025-26,Brighton,5.036363636363636,109.63636363636364,120.64545454545454,223.29999999999998,51,49,57.88,130.0,112.5,101.5,80.5,2
2025-26,Burnley,4.454545454545454,79.63636363636364,87.5,201.0,35,36,32.84,96.0,66.25,91.0,78.5,1
2025-26,Chelsea,6.181818181818183,119.27272727272727,138.86363636363637,204.89999999999998,57,55,66.78999999999999,113.0,112.75,126.5,111.0,2
2025-26,Crystal Palace,5.5636363636363635,113.27272727272727,120.45454545454545,211.4,41,35,61.15,131.0,138.25,93.25,94.5,1
2025-26,Everton,5.445454545454545,122.0,130.51818181818183,177.70000000000002,45,44,46.77000000000001,135.0,128.0,130.25,99.5,3
2025-26,Fulham,5.118181818181818,103.54545454545455,111.16363636363639,148.6,43,45,48.82,122.0,92.0,110.5,74.0,1
2025-26,Leeds,4.463636363636364,107.63636363636364,117.4090909090909,177.8,48,44,54.230000000000004,71.0,95.25,126.5,107.5,4
2025-26,Liverpool,6.918181818181819,122.9090909090909,155.62727272727273,217.9,61,55,60.57,91.0,111.0,135.75,83.0,2
2025-26,Man City,6.972727272727273,151.8181818181818,178.35454545454547,218.1,86,76,80.02000000000001,135.0,151.5,138.75,239.0,0
2025-26,Man United,6.00909090909091,121.27272727272727,150.96363636363637,220.6,66,60,64.97,109.0,92.5,172.75,76.5,2
2025-26,Newcastle,5.745454545454546,100.54545454545455,118.52727272727275,194.3,53,42,57.879999999999995,96.0,96.75,103.5,92.0,5
2025-26,Nott'm Forest,5.418181818181818,113.0,126.17272727272726,206.4,47,44,46.08,105.0,99.25,136.25,77.5,4
2025-26,Sunderland,4.636363636363636,110.0,109.7818181818182,233.2,38,40,38.46,136.0,125.5,108.5,83.0,3
2025-26,Tottenham,5.472727272727272,93.63636363636364,103.95454545454548,225.10000000000002,45,40,40.43,90.0,100.5,91.75,85.5,4
2025-26,West Ham,4.8909090909090915,94.27272727272727,105.64545454545456,193.1,44,43,46.67,51.0,84.75,104.25,124.0,1
2025-26,Wolves,4.6000000000000005,72.36363636363636,85.69090909090909,203.3,25,24,33.18,68.0,76.0,75.25,70.0,5
2026-27,Arsenal,6.7,6.818181818181818,5.4,179.1,3,3,1.8800000000000001,6.0,7.75,7.25,3.0,0
2026-27,Aston Villa,4.909090909090909,0.45454545454545453,1.5545454545454545,159.4,0,0,0.30000000000000004,1.0,-0.75,1.75,0.0,0
2026-27,Bournemouth,5.5,2.8181818181818183,2.854545454545455,150.0,1,1,0.65,2.0,1.25,4.25,2.5,0
2026-27,Brentford,5.609090909090909,7.181818181818182,6.4363636363636365,135.2,3,3,3.9099999999999997,7.0,7.0,9.0,0.5,0
2026-27,Brighton,5.054545454545455,7.181818181818182,5.963636363636363,165.1,3,3,3.7699999999999996,6.0,8.75,6.5,3.0,0
2026-27,Chelsea,5.918181818181818,4.181818181818182,6.50909090909091,208.1,3,3,2.23,2.0,2.25,5.75,5.5,0
2026-27,Coventry City,4.636363636363637,1.6363636363636365,1.5272727272727273,154.0,0,0,0.21,1.0,1.5,1.75,2.0,0
2026-27,Crystal Palace,5.2272727272727275,1.8181818181818181,3.372727272727273,161.4,0,0,1.9700000000000002,2.0,1.5,2.5,1.5,0
2026-27,Everton,5.5,6.363636363636363,5.354545454545455,126.5,2,2,1.1199999999999999,7.0,4.5,7.75,4.5,0
2026-27,Fulham,5.045454545454546,3.0,4.8999999999999995,117.0,2,2,1.38,2.0,2.5,3.25,3.5,0
2026-27,Hull City,4.454545454545454,7.090909090909091,4.372727272727273,160.5,2,2,1.08,10.0,8.5,3.5,2.5,0
2026-27,Ipswich Town,4.7727272727272725,3.5454545454545454,4.009090909090909,159.5,2,2,1.79,2.0,2.5,4.0,5.0,0
2026-27,Leeds,5.2727272727272725,6.545454545454546,2.9,135.5,1,0,0.47000000000000003,9.0,8.0,6.0,0.5,0
2026-27,Liverpool,6.409090909090909,3.272727272727273,5.8,189.0,2,2,3.0100000000000002,2.0,0.75,6.75,1.0,0
2026-27,Man City,6.945454545454546,3.272727272727273,5.118181818181818,183.9,2,2,2.24,3.0,5.75,3.25,1.0,0
2026-27,Man United,6.2272727272727275,1.3636363636363635,5.027272727272727,184.4,0,0,1.8199999999999998,1.0,1.0,2.0,0.5,0
2026-27,Newcastle,5.363636363636363,3.090909090909091,3.763636363636364,139.0,2,2,1.5800000000000003,1.0,2.5,3.75,4.0,0
2026-27,Nott'm Forest,5.454545454545454,2.5454545454545454,3.3181818181818183,143.5,0,0,0.65,2.0,2.25,2.5,1.5,0
2026-27,Sunderland,5.0,2.3636363636363638,3.6181818181818186,132.0,1,1,0.6699999999999999,1.0,1.0,4.5,1.5,0
2026-27,Tottenham,5.318181818181818,1.8181818181818181,3.127272727272728,194.4,0,0,0.5700000000000001,2.0,2.0,2.0,1.5,0
