,p,hit,n,outcome
"(0.123, 0.259]",0.20598307078864206,0.12631578947368421,95,Home win
"(0.259, 0.32]",0.29127282965907514,0.2631578947368421,95,Home win
"(0.32, 0.386]",0.3544190710992157,0.35789473684210527,95,Home win
"(0.386, 0.442]",0.4148838794077419,0.4421052631578947,95,Home win
"(0.442, 0.496]",0.4669914820149675,0.43157894736842106,95,Home win
"(0.496, 0.565]",0.5268567517911245,0.47368421052631576,95,Home win
"(0.565, 0.656]",0.609321185251289,0.5684210526315789,95,Home win
"(0.656, 0.881]",0.737572382274966,0.6736842105263158,95,Home win
"(0.07289999999999999, 0.17]",0.14293981421014484,0.18947368421052632,95,Draw
"(0.17, 0.205]",0.18949436676986195,0.28421052631578947,95,Draw
"(0.205, 0.228]",0.21775367774165016,0.29473684210526313,95,Draw
"(0.228, 0.242]",0.23508785407869787,0.24210526315789474,95,Draw
"(0.242, 0.253]",0.24807708438775988,0.22105263157894736,95,Draw
"(0.253, 0.263]",0.25799891649867507,0.23157894736842105,95,Draw
"(0.263, 0.273]",0.2678811061823339,0.29473684210526313,95,Draw
"(0.273, 0.29]",0.2792527572995399,0.3157894736842105,95,Draw
"(0.0445, 0.149]",0.1096893591015764,0.12631578947368421,95,Away win
"(0.149, 0.203]",0.1728237956349372,0.1368421052631579,95,Away win
"(0.203, 0.25]",0.22648395347577968,0.23157894736842105,95,Away win
"(0.25, 0.295]",0.2735137745201479,0.3684210526315789,95,Away win
"(0.295, 0.344]",0.3156794377290196,0.2736842105263158,95,Away win
"(0.344, 0.422]",0.38339565416048743,0.4631578947368421,95,Away win
"(0.422, 0.517]",0.46723963179702893,0.42105263157894735,95,Away win
"(0.517, 0.746]",0.6053881641253387,0.5684210526315789,95,Away win
