feature,importance,std
Elo_diff,0.00969111155608715,0.0032430412283749083
SeasonGDpg_diff,0.0034582172930461173,0.001364029162349058
SeasonPPG_diff,0.002089674512155437,0.0010449079893290424
HomeElo,0.002078980129408359,0.000947728473855132
prev_squad_total_cost_diff,0.000566666440996888,0.0010324502894107205
GD_L5_diff,0.0002965144225810845,0.00036309935972896556
prev_xi_avg_cost_diff,0.00024293369396028998,0.0016136043216209402
H2H_HomePPG,0.00021662460410183383,0.0001292245724558959
GF_L5_diff,0.00016810376637217407,0.00010323791894254989
SoT_L5_diff,9.540983738225428e-05,0.0006517666829933993
Away_promoted,5.519207966416806e-05,2.5049793499849964e-05
Home_promoted,2.8783401048526615e-05,1.107613759734323e-05
GA_L5_diff,1.7406725098856323e-05,0.000189553629887726
Points_L5_diff,1.5645141954845343e-05,0.00022051442180437682
Points_L3_diff,-1.2980882719226816e-05,0.00012855244082124624
Win_L5_diff,-2.1144785484616958e-05,8.260343786315598e-05
prev_att_pts_diff,-4.3369540934956595e-05,0.00011874319557675676
Points_L10_diff,-9.177343840770514e-05,0.00047565185077803987
prev_def_pts_diff,-9.536675685860585e-05,0.0001854705225739722
Shots_L5_diff,-0.00011510460602560668,0.0006454146052123183
RestDays_diff,-0.00017746086556350572,8.070720380080091e-05
AwayElo,-0.00022636383581920995,0.0004755992414009519
prev_team_goals_diff,-0.00023565204858093657,0.0014786777056818793
prev_gk_pts_diff,-0.0002614004451020113,0.00016123263841236635
prev_xi_avg_points_diff,-0.00037010501153651455,0.00029406426216608346
prev_xi_avg_ict_diff,-0.0006376217584360466,0.0009344183350358855
prev_mid_pts_diff,-0.001234972665246492,0.0004815716334227267
